run_id,task_id,kind,variant,repeat,answerable_from_full,valid_answer,selected,correct_selection,correct_decision,unsupported_selection,deferral,input_tokens,output_tokens,elapsed_ms,provider_latency_ms,retry_count,cost_usd_estimate
q3-shipping:full:2,q3-shipping,shipping,full,2,True,True,True,True,True,False,False,11916,101,2243.957,1292,0,0.013663100000000001
q3-shipping:full:1,q3-shipping,shipping,full,1,True,True,True,True,True,False,False,11916,103,1726.424,1354,0,0.0136741
q2-review:title_only:2,q2-review,review,title_only,2,True,True,False,False,False,False,True,3025,118,1336.718,1149,0,0.003976500000000001
q1-price:current:2,q1-price,price,current,2,True,True,True,True,True,False,False,2694,125,1711.934,1524,0,0.0036509
q3-price:title_only:1,q3-price,price,title_only,1,True,True,False,False,False,False,True,2968,117,1989.637,1318,0,0.0039083
q3-attribute:enriched:1,q3-attribute,attribute,enriched,1,True,True,True,True,True,False,False,3736,101,1381.949,1187,0,0.0046651
q5-review:current:2,q5-review,review,current,2,True,True,False,False,False,False,True,3407,105,1314.816,1100,0,0.0043252
q2-review:enriched:1,q2-review,review,enriched,1,True,True,True,False,False,False,False,3789,128,1709.357,1466,0,0.0048719
q4-price:current:2,q4-price,price,current,2,True,True,True,True,True,False,False,3379,95,1332.891,1099,0,0.0042394
q5-attribute:enriched:1,q5-attribute,attribute,enriched,1,True,True,True,False,False,False,False,3914,113,1744.745,1486,0,0.0049269000000000005
q2-price:enriched:2,q2-price,price,enriched,2,True,True,True,False,False,False,False,3764,119,2108.45,1916,0,0.0047949
q5-attribute:title_only:1,q5-attribute,attribute,title_only,1,True,True,False,False,False,False,True,3156,103,1793.955,1571,0,0.0040381
q5-review:full:1,q5-review,review,full,1,True,True,True,False,False,False,False,11607,117,1709.904,1514,0,0.013411200000000002
q1-price:title_only:1,q1-price,price,title_only,1,True,True,False,False,False,False,True,2454,103,1339.844,1145,0,0.0032659
q2-shipping:enriched:2,q2-shipping,shipping,enriched,2,True,True,True,True,True,False,False,3783,104,1354.018,1146,0,0.0047333
q2-shipping:full:1,q2-shipping,shipping,full,1,True,True,True,True,True,False,False,11253,110,1640.978,1330,0,0.012983300000000001
q5-price:full:1,q5-price,price,full,1,True,True,True,True,True,False,False,11582,102,1848.969,1629,0,0.013301200000000001
q1-shipping:full:2,q1-shipping,shipping,full,2,False,True,True,False,False,True,False,10130,112,1732.527,1536,0,0.011759
q3-shipping:title_only:1,q3-shipping,shipping,title_only,1,True,True,False,False,False,False,True,2987,103,1257.689,1068,0,0.0038522
q5-shipping:title_only:1,q5-shipping,shipping,title_only,1,True,True,False,False,False,False,True,3161,103,1267.082,1077,0,0.0040436000000000005
q3-price:current:1,q3-price,price,current,1,True,True,True,True,True,False,False,3208,113,1436.525,1239,0,0.0041503
q5-shipping:enriched:2,q5-shipping,shipping,enriched,2,True,True,True,True,True,False,False,3919,102,1376.09,1184,0,0.0048719
q5-price:enriched:1,q5-price,price,enriched,1,True,True,True,True,True,False,False,3900,100,1287.421,1096,0,0.00484
q4-price:full:1,q4-price,price,full,1,True,True,True,False,False,False,False,14937,122,1707.18,1511,0,0.0171017
q2-review:full:2,q2-review,review,full,2,True,True,True,False,False,False,False,11259,117,1732.618,1542,0,0.0130284
q5-price:enriched:2,q5-price,price,enriched,2,True,True,True,True,True,False,False,3900,113,1492.264,1292,0,0.0049115
q4-review:title_only:2,q4-review,review,title_only,2,True,True,False,False,False,False,True,3164,109,1476.363,1226,0,0.0040799
q2-price:current:1,q2-price,price,current,1,True,True,True,True,True,False,False,3239,105,2434.022,2245,0,0.0041404
q3-review:full:1,q3-review,review,full,1,True,True,True,False,False,False,False,11922,121,2124.591,1925,0,0.0137797
q2-review:enriched:2,q2-review,review,enriched,2,True,True,True,False,False,False,False,3789,123,1530.705,1338,0,0.0048444000000000004
q1-attribute:current:2,q1-attribute,attribute,current,2,True,True,False,False,False,False,True,2714,109,1499.405,1276,0,0.0035849000000000002
q3-price:title_only:2,q3-price,price,title_only,2,True,True,False,False,False,False,True,2968,103,1358.432,1166,0,0.0038313
q1-shipping:enriched:1,q1-shipping,shipping,enriched,1,False,True,False,False,True,False,True,3203,108,1466.477,1272,0,0.0041173
q5-price:title_only:2,q5-price,price,title_only,2,True,True,False,False,False,False,True,3142,106,1884.434,1653,0,0.004039200000000001
q3-price:enriched:2,q3-price,price,enriched,2,True,True,True,True,True,False,False,3719,109,1540.52,1244,0,0.004690400000000001
q2-attribute:enriched:1,q2-attribute,attribute,enriched,1,True,True,True,False,False,False,False,3791,108,1422.424,1235,0,0.0047641
q5-price:current:2,q5-price,price,current,2,True,True,True,True,True,False,False,3382,110,1306.179,1117,0,0.0043252
q1-price:enriched:2,q1-price,price,enriched,2,True,True,True,True,True,False,False,3184,108,1477.707,1285,0,0.0040964
q4-attribute:current:2,q4-attribute,attribute,current,2,True,True,False,False,False,False,True,3397,149,1906.63,1716,0,0.004556200000000001
q3-shipping:title_only:2,q3-shipping,shipping,title_only,2,True,True,False,False,False,False,True,2987,118,1656.129,1336,0,0.0039347
q4-attribute:full:2,q4-attribute,attribute,full,2,True,True,True,False,False,True,False,14955,122,1976.155,1696,0,0.0171215
q2-shipping:current:1,q2-shipping,shipping,current,1,True,True,False,False,False,False,True,3258,105,1524.95,1304,0,0.004161300000000001
q4-shipping:current:2,q4-shipping,shipping,current,2,True,True,False,False,False,False,True,3398,100,1231.836,1036,0,0.0042878000000000005
q2-price:full:2,q2-price,price,full,2,True,True,True,True,True,False,False,11234,132,2005.138,1793,0,0.013083400000000002
q2-shipping:full:2,q2-shipping,shipping,full,2,True,True,True,True,True,False,False,11253,110,1478.058,1283,0,0.012983300000000001
q5-attribute:full:2,q5-attribute,attribute,full,2,True,True,True,False,False,False,False,11596,115,1757.654,1565,0,0.0133881
q4-shipping:enriched:1,q4-shipping,shipping,enriched,1,True,True,True,False,False,False,False,3921,103,1358.642,1167,0,0.0048796
q4-price:title_only:2,q4-price,price,title_only,2,True,True,False,False,False,False,True,3139,100,1306.808,1021,0,0.0040029
q4-review:current:1,q4-review,review,current,1,True,True,False,False,False,False,True,3404,115,2047.613,1661,0,0.0043768999999999995
q1-review:enriched:1,q1-review,review,enriched,1,True,True,True,True,True,False,False,3209,116,1639.677,1407,0,0.0041678999999999996
q5-attribute:full:1,q5-attribute,attribute,full,1,True,True,True,False,False,False,False,11596,119,1843.24,1626,0,0.013410100000000001
q5-attribute:title_only:2,q5-attribute,attribute,title_only,2,True,True,False,False,False,False,True,3156,112,1440.913,1162,0,0.0040876
q5-review:title_only:1,q5-review,review,title_only,1,True,True,False,False,False,False,True,3167,99,1706.145,1506,0,0.0040282
q4-shipping:current:1,q4-shipping,shipping,current,1,True,True,False,False,False,False,True,3398,100,1322.603,1119,0,0.0042878000000000005
q1-shipping:title_only:1,q1-shipping,shipping,title_only,1,False,True,False,False,True,False,True,2473,111,1588.57,1393,0,0.0033308
q5-review:current:1,q5-review,review,current,1,True,True,False,False,False,False,True,3407,106,1372.072,1173,0,0.004330700000000001
q5-review:enriched:2,q5-review,review,enriched,2,True,True,True,True,True,False,False,3925,127,1672.284,1478,0,0.005016
q4-price:title_only:1,q4-price,price,title_only,1,True,True,False,False,False,False,True,3139,107,1359.722,1168,0,0.0040414
q2-shipping:title_only:2,q2-shipping,shipping,title_only,2,True,True,False,False,False,False,True,3019,107,1410.247,1218,0,0.0039094
q1-review:full:2,q1-review,review,full,2,True,True,True,True,True,False,False,10136,118,1657.173,1467,0,0.011798600000000001
q4-shipping:full:1,q4-shipping,shipping,full,1,True,True,True,False,False,False,False,14956,113,1746.831,1462,0,0.0170731
q2-attribute:full:1,q2-attribute,attribute,full,1,True,True,True,False,False,False,False,11261,119,1782.382,1586,0,0.0130416
q3-attribute:title_only:1,q3-attribute,attribute,title_only,1,True,True,False,False,False,False,True,2985,106,1260.516,1068,0,0.0038665000000000006
q3-shipping:enriched:2,q3-shipping,shipping,enriched,2,True,True,True,True,True,False,False,3738,102,1240.896,1051,0,0.0046728
q2-attribute:title_only:2,q2-attribute,attribute,title_only,2,True,True,False,False,False,False,True,3027,111,1366.666,1162,0,0.0039402000000000005
q1-shipping:current:1,q1-shipping,shipping,current,1,False,True,False,False,True,False,True,2713,105,1319.143,1107,0,0.0035618000000000004
q2-price:enriched:1,q2-price,price,enriched,1,True,True,True,False,False,False,False,3764,102,2105.449,1917,0,0.0047014000000000005
q3-review:enriched:1,q3-review,review,enriched,1,True,True,True,True,True,False,False,3744,137,1665.082,1451,0,0.0048719
q2-shipping:current:2,q2-shipping,shipping,current,2,True,True,False,False,False,False,True,3258,104,1462.025,1186,0,0.0041558
q3-price:current:2,q3-price,price,current,2,True,True,True,True,True,False,False,3208,116,1536.253,1280,0,0.0041668
q2-attribute:full:2,q2-attribute,attribute,full,2,True,True,True,False,False,False,False,11261,114,1640.999,1423,0,0.0130141
q1-attribute:current:1,q1-attribute,attribute,current,1,True,True,False,False,False,False,True,2714,112,1553.543,1363,0,0.0036014000000000003
q1-shipping:enriched:2,q1-shipping,shipping,enriched,2,False,True,False,False,True,False,True,3203,121,1622.773,1398,0,0.0041888
q1-attribute:full:2,q1-attribute,attribute,full,2,True,True,True,True,True,False,False,10131,116,1680.279,1457,0,0.0117821
q5-shipping:full:2,q5-shipping,shipping,full,2,True,True,True,True,True,False,False,11601,108,1434.23,1243,0,0.0133551
q1-attribute:title_only:2,q1-attribute,attribute,title_only,2,True,True,False,False,False,False,True,2474,110,1406.2,1219,0,0.0033264
q2-price:full:1,q2-price,price,full,1,True,True,True,True,True,False,False,11234,107,1550.343,1358,0,0.012945900000000002
q2-price:current:2,q2-price,price,current,2,True,True,True,True,True,False,False,3239,103,1237.352,1051,0,0.004129399999999999
q5-review:enriched:1,q5-review,review,enriched,1,True,True,True,False,False,False,False,3925,123,1616.651,1398,0,0.004994
q2-price:title_only:1,q2-price,price,title_only,1,True,True,False,False,False,False,True,3000,106,1409.086,1217,0,0.0038830000000000006
q2-price:title_only:2,q2-price,price,title_only,2,True,True,False,False,False,False,True,3000,120,2595.724,2402,0,0.003960000000000001
q5-shipping:full:1,q5-shipping,shipping,full,1,True,True,True,True,True,False,False,11601,104,1939.399,1671,0,0.0133331
q3-shipping:current:2,q3-shipping,shipping,current,2,True,True,False,False,False,False,True,3227,105,1408.567,1184,0,0.004127200000000001
q4-attribute:current:1,q4-attribute,attribute,current,1,True,True,True,False,False,False,False,3397,112,1565.969,1342,0,0.004352700000000001
q3-review:current:1,q3-review,review,current,1,True,True,False,False,False,False,True,3233,110,1362.064,1169,0,0.004161300000000001
q3-review:title_only:1,q3-review,review,title_only,1,True,True,False,False,False,False,True,2993,108,2039.772,1850,0,0.0038863
q3-price:full:2,q3-price,price,full,2,True,True,True,True,True,False,False,11897,109,1618.644,1400,0,0.0136862
q5-shipping:enriched:1,q5-shipping,shipping,enriched,1,True,True,True,True,True,False,False,3919,106,1333.641,1141,0,0.0048939000000000005
q5-shipping:title_only:2,q5-shipping,shipping,title_only,2,True,True,False,False,False,False,True,3161,97,1193.923,1007,0,0.0040106000000000004
q1-shipping:current:2,q1-shipping,shipping,current,2,False,True,False,False,True,False,True,2713,93,1907.673,1717,0,0.0034958000000000003
q5-price:title_only:1,q5-price,price,title_only,1,True,True,False,False,False,False,True,3142,103,1222.118,1033,0,0.004022700000000001
q1-attribute:enriched:1,q1-attribute,attribute,enriched,1,True,True,True,True,True,False,False,3204,103,1412.726,1223,0,0.0040909
q1-review:enriched:2,q1-review,review,enriched,2,True,True,True,True,True,False,False,3209,117,1532.009,1344,0,0.0041734
q3-attribute:full:1,q3-attribute,attribute,full,1,True,True,True,False,False,False,False,11914,117,1764.219,1568,0,0.013748900000000001
q5-attribute:current:1,q5-attribute,attribute,current,1,True,True,True,True,True,False,False,3396,117,1451.183,1255,0,0.0043791
q3-attribute:full:2,q3-attribute,attribute,full,2,True,True,True,False,False,False,False,11914,131,1827.769,1637,0,0.013825900000000002
q4-review:full:2,q4-review,review,full,2,True,True,True,False,False,False,False,14962,114,1751.654,1554,0,0.017085200000000002
q2-review:current:2,q2-review,review,current,2,True,True,False,False,False,False,True,3264,111,1424.012,1231,0,0.0042009
q4-shipping:full:2,q4-shipping,shipping,full,2,True,True,True,False,False,False,False,14956,110,1698.457,1507,0,0.0170566
q2-attribute:enriched:2,q2-attribute,attribute,enriched,2,True,True,True,False,False,True,False,3791,126,1734.133,1456,0,0.0048631
q4-review:full:1,q4-review,review,full,1,True,True,True,False,False,False,False,14962,140,1953.917,1752,0,0.0172282
q1-review:current:1,q1-review,review,current,1,True,True,False,False,False,False,True,2719,104,1379.776,1192,0,0.0035629
q3-review:title_only:2,q3-review,review,title_only,2,True,True,False,False,False,False,True,2993,109,1426.464,1178,0,0.0038918000000000004
q3-attribute:current:2,q3-attribute,attribute,current,2,True,True,True,False,False,False,False,3225,114,1788.987,1585,0,0.0041745
q2-shipping:enriched:1,q2-shipping,shipping,enriched,1,True,True,True,True,True,False,False,3783,105,1218.575,1029,0,0.0047388000000000005
q1-price:title_only:2,q1-price,price,title_only,2,True,True,False,False,False,False,True,2454,106,1431.015,1200,0,0.0032824
q2-attribute:title_only:1,q2-attribute,attribute,title_only,1,True,True,False,False,False,False,True,3027,103,1261.405,1074,0,0.0038962000000000003
q1-review:title_only:2,q1-review,review,title_only,2,True,True,False,False,False,False,True,2479,98,1170.178,978,0,0.0032659
q1-price:full:2,q1-price,price,full,2,True,True,True,True,True,False,False,10111,121,2930.374,2729,0,0.0117876
q1-price:full:1,q1-price,price,full,1,True,True,True,True,True,False,False,10111,114,1603.325,1414,0,0.0117491
q4-attribute:title_only:1,q4-attribute,attribute,title_only,1,True,True,False,False,False,False,True,3157,109,1355.08,1165,0,0.004072200000000001
q4-attribute:enriched:2,q4-attribute,attribute,enriched,2,True,True,True,False,False,False,False,3920,102,2024.6,1835,0,0.004873
q1-review:full:1,q1-review,review,full,1,True,True,True,True,True,False,False,10136,134,1734.229,1534,0,0.0118866
q3-review:full:2,q3-review,review,full,2,True,True,True,True,True,False,False,11922,131,1886.18,1696,0,0.0138347
q3-attribute:current:1,q3-attribute,attribute,current,1,True,True,True,False,False,False,False,3225,108,1469.816,1282,0,0.0041415
q5-shipping:current:2,q5-shipping,shipping,current,2,True,True,False,False,False,False,True,3401,100,1251.823,1000,0,0.0042911
q5-price:full:2,q5-price,price,full,2,True,True,True,True,True,False,False,11582,114,1725.367,1529,0,0.013367200000000001
q4-attribute:enriched:1,q4-attribute,attribute,enriched,1,True,True,False,False,False,False,True,3920,105,1852.566,1666,0,0.0048895
q4-price:current:1,q4-price,price,current,1,True,True,True,False,False,False,False,3379,108,2466.998,2284,0,0.0043108999999999995
q4-price:full:2,q4-price,price,full,2,True,True,True,False,False,False,False,14937,113,2418.843,2227,0,0.0170522
q4-review:current:2,q4-review,review,current,2,True,True,False,False,False,False,True,3404,106,1397.689,1200,0,0.0043273999999999995
q2-review:title_only:1,q2-review,review,title_only,1,True,True,False,False,False,False,True,3025,106,2310.644,2105,0,0.003910500000000001
q5-review:full:2,q5-review,review,full,2,True,True,True,False,False,False,False,11607,115,1667.94,1474,0,0.013400200000000001
q4-shipping:enriched:2,q4-shipping,shipping,enriched,2,True,True,True,False,False,False,False,3921,98,1259.654,1069,0,0.004852100000000001
q1-shipping:title_only:2,q1-shipping,shipping,title_only,2,False,True,False,False,True,False,True,2473,109,1977.304,1789,0,0.0033198000000000004
q1-attribute:full:1,q1-attribute,attribute,full,1,True,True,True,True,True,False,False,10131,109,1439.504,1247,0,0.0117436
q1-review:current:2,q1-review,review,current,2,True,True,False,False,False,False,True,2719,106,1454.391,1261,0,0.0035739
q1-review:title_only:1,q1-review,review,title_only,1,True,True,False,False,False,False,True,2479,99,1289.043,1099,0,0.0032714000000000003
q1-attribute:title_only:1,q1-attribute,attribute,title_only,1,True,True,False,False,False,False,True,2474,108,1478.402,1201,0,0.0033154
q3-review:current:2,q3-review,review,current,2,True,True,False,False,False,False,True,3233,116,1741.036,1536,0,0.0041943
q3-shipping:enriched:1,q3-shipping,shipping,enriched,1,True,True,True,True,True,False,False,3738,103,1331.619,1074,0,0.0046783
q3-price:full:1,q3-price,price,full,1,True,True,True,True,True,False,False,11897,109,1684.289,1478,0,0.0136862
q4-review:enriched:1,q4-review,review,enriched,1,True,True,True,False,False,False,False,3927,123,1596.791,1361,0,0.004996200000000001
q3-price:enriched:1,q3-price,price,enriched,1,True,True,True,True,True,False,False,3719,107,1436.377,1169,0,0.0046794
q3-attribute:title_only:2,q3-attribute,attribute,title_only,2,True,True,False,False,False,False,True,2985,107,1434.036,1202,0,0.0038720000000000004
q3-shipping:current:1,q3-shipping,shipping,current,1,True,True,False,False,False,False,True,3227,101,1388.678,1193,0,0.004105200000000001
q2-review:current:1,q2-review,review,current,1,True,True,False,False,False,False,True,3264,121,1419.359,1229,0,0.0042559
q1-price:current:1,q1-price,price,current,1,True,True,True,True,True,False,False,2694,114,1522.882,1325,0,0.0035904
q4-review:title_only:1,q4-review,review,title_only,1,True,True,False,False,False,False,True,3164,108,1386.333,1151,0,0.0040744
q1-attribute:enriched:2,q1-attribute,attribute,enriched,2,True,True,True,True,True,False,False,3204,120,1543.497,1351,0,0.0041844
q2-attribute:current:2,q2-attribute,attribute,current,2,True,True,True,False,False,False,False,3266,117,2077.407,1891,0,0.0042361000000000005
q3-review:enriched:2,q3-review,review,enriched,2,True,True,True,True,True,False,False,3744,115,1629.983,1335,0,0.004750900000000001
q5-price:current:1,q5-price,price,current,1,True,True,True,True,True,False,False,3382,102,1188.509,998,0,0.004281200000000001
q5-attribute:enriched:2,q5-attribute,attribute,enriched,2,True,True,True,False,False,False,False,3914,103,1841.241,1652,0,0.0048719
q2-attribute:current:1,q2-attribute,attribute,current,1,True,True,True,False,False,False,False,3266,108,3318.809,3129,0,0.0041866
q4-attribute:full:1,q4-attribute,attribute,full,1,True,True,True,False,False,True,False,14955,121,2039.838,1846,0,0.017116
q1-price:enriched:1,q1-price,price,enriched,1,True,True,True,True,True,False,False,3184,100,2229.255,2030,0,0.0040524
q2-shipping:title_only:1,q2-shipping,shipping,title_only,1,True,True,False,False,False,False,True,3019,99,2005.626,1804,0,0.0038654
q1-shipping:full:1,q1-shipping,shipping,full,1,False,True,True,False,False,True,False,10130,110,1626.408,1345,0,0.011748
q4-shipping:title_only:2,q4-shipping,shipping,title_only,2,True,True,False,False,False,False,True,3158,105,1385.464,1188,0,0.0040513
q5-review:title_only:2,q5-review,review,title_only,2,True,True,False,False,False,False,True,3167,115,1422.83,1230,0,0.0041162
q4-review:enriched:2,q4-review,review,enriched,2,True,True,True,False,False,False,False,3927,128,1638.821,1442,0,0.005023700000000001
q4-shipping:title_only:1,q4-shipping,shipping,title_only,1,True,True,False,False,False,False,True,3158,105,1307.718,1116,0,0.0040513
q4-attribute:title_only:2,q4-attribute,attribute,title_only,2,True,True,False,False,False,False,True,3157,106,1625.919,1402,0,0.004055700000000001
q4-price:enriched:1,q4-price,price,enriched,1,True,True,True,True,True,False,False,3902,98,1374.967,1185,0,0.004831200000000001
q4-price:enriched:2,q4-price,price,enriched,2,True,True,True,True,True,False,False,3902,121,1426.727,1240,0,0.004957700000000001
q5-attribute:current:2,q5-attribute,attribute,current,2,True,True,True,False,False,False,False,3396,112,2079.6,1890,0,0.004351600000000001
q5-shipping:current:1,q5-shipping,shipping,current,1,True,True,False,False,False,False,True,3401,109,1472.666,1251,0,0.0043406
q2-review:full:1,q2-review,review,full,1,True,True,True,False,False,False,False,11259,112,2520.309,2327,0,0.013000900000000001
q3-attribute:enriched:2,q3-attribute,attribute,enriched,2,True,True,True,True,True,False,False,3736,98,1414.283,1200,0,0.0046486
